{
  "total_tests": 24,
  "models_tested": [
    "Llama 3.3 70B",
    "GPT-OSS 20B"
  ],
  "approaches": [
    "ground_rules",
    "raw"
  ],
  "success_rate": 1.0,
  "avg_metrics_by_model": {
    "Llama 3.3 70B": {
      "avg_generation_time": 97.32586193084717,
      "avg_char_count": 4943.416666666667,
      "avg_word_count": 719.1666666666666,
      "avg_chars_per_second": 50.389852296193396,
      "total_tests": 12
    },
    "GPT-OSS 20B": {
      "avg_generation_time": 32.58166907231013,
      "avg_char_count": 8958.75,
      "avg_word_count": 1250.8333333333333,
      "avg_chars_per_second": 271.3602885309742,
      "total_tests": 12
    }
  },
  "avg_metrics_by_approach": {
    "ground_rules": {
      "avg_generation_time": 81.8262484272321,
      "avg_char_count": 8913.333333333334,
      "avg_word_count": 1254.0833333333333,
      "avg_chars_per_second": 169.2901510670616,
      "total_tests": 12
    },
    "raw": {
      "avg_generation_time": 48.081282575925194,
      "avg_char_count": 4988.833333333333,
      "avg_word_count": 715.9166666666666,
      "avg_chars_per_second": 152.45998976010594,
      "total_tests": 12
    }
  },
  "comparison_analysis": {
    "model_comparison": {
      "Llama 3.3 70B_vs_GPT-OSS 20B": {
        "char_count_ratio": 0.5517975908097298,
        "speed_ratio": 0.18569353890719237,
        "time_ratio": 2.9871355489753153
      }
    }
  }
}